{
  "features": {
    "chlorophyll_a": {
      "mean": 15.063422349127311,
      "std": 9.554024931190726,
      "min": -17.41267340069073,
      "max": 38.146585666735085,
      "p25": 7.946342522769937,
      "p50": 15.592194641935132,
      "p75": 20.961727746132418,
      "n_samples": 200,
      "histogram": [
        1,
        1,
        6,
        16,
        42,
        41,
        46,
        27,
        11,
        9
      ],
      "bin_edges": [
        -17.41267340069073,
        -11.856747493948147,
        -6.300821587205565,
        -0.7448956804629816,
        4.811030226279598,
        10.366956133022178,
        15.922882039764765,
        21.478807946507345,
        27.034733853249925,
        32.590659759992505,
        38.146585666735085
      ]
    },
    "temperature": {
      "mean": 15.387549868140605,
      "std": 9.625173293789912,
      "min": -4.875689146008927,
      "max": 53.527314906547204,
      "p25": 8.941624621757555,
      "p50": 15.447834082193932,
      "p75": 21.526818406378062,
      "n_samples": 200,
      "histogram": [
        14,
        21,
        47,
        43,
        45,
        16,
        10,
        2,
        1,
        1
      ],
      "bin_edges": [
        -4.875689146008927,
        0.964611259246686,
        6.804911664502299,
        12.645212069757914,
        18.485512475013525,
        24.325812880269137,
        30.166113285524755,
        36.00641369078036,
        41.84671409603598,
        47.687014501291586,
        53.527314906547204
      ]
    }
  },
  "created_at": "2026-02-16T15:41:02.422576"
}